<?xml version="1.0" encoding="UTF-8"?>
<!DOCTYPE mapper
  PUBLIC "-//mybatis.org//DTD Mapper 3.0//EN"
  "http://mybatis.org/dtd/mybatis-3-mapper.dtd">

<mapper namespace="com.camily.dao.CampingDao">

	<select id="getMyReservationList" resultType="com.camily.dto.ReservationDto">
		SELECT DISTINCT CANAME, CRPRICE, RECODE, RECACODE, REMID, REMNAME, REMTEL, REMEMAIL, REREQUEST, REPEOPLE, RECRNAME, RECRNUM FROM RESERVATION 
		INNER JOIN CAMPING ON CACODE = RECACODE
		INNER JOIN CAMPINGROOM ON CRNAME = RECRNAME AND CRNUM = RECRNUM
		WHERE REMID = #{loginId}
	</select>
	
	<select id="getMyReservationInfo" resultType="com.camily.dto.ReservationDto">
		SELECT DISTINCT CANAME, CRPRICE, CRIMAGE, RECODE, RECACODE, REMID, REMNAME, REMTEL, REMEMAIL, REREQUEST, REPEOPLE, RECRNAME, RECRNUM FROM RESERVATION 
		INNER JOIN CAMPING ON CACODE = RECACODE
		INNER JOIN CAMPINGROOM ON CRNAME = RECRNAME AND CRNUM = RECRNUM
		WHERE REMID = #{loginId}
		AND RECODE = #{recode}
	</select>
	
	<select id="getCampTotalCount" resultType="int">
		SELECT COUNT(*) FROM CAMPING
			<if test="type.length > 0">
				WHERE CATYPE LIKE '%'||#{type}||'%'
			</if>
	</select>
	
	<select id="getCampingList" resultType="com.camily.dto.CampingDto">
		SELECT * 
		FROM ( 	SELECT ROWNUM RN, CAMPING.*
		       		FROM ( 	SELECT CAMPING.*, CA.CRPRICE FROM CAMPING
		             			LEFT OUTER JOIN ( SELECT C.CACODE, MIN(TO_NUMBER(CR.CRPRICE)) AS CRPRICE
		                    	FROM CAMPING C
		              			LEFT OUTER JOIN CAMPINGROOM CR ON C.CACODE = CR.CRCACODE
		                       	GROUP BY C.CACODE ) CA ON CAMPING.CACODE = CA.CACODE
		            <if test="type.length > 0">
		       		WHERE CATYPE LIKE '%'||#{type}||'%'
		       		</if>
		      		ORDER BY CAMPING.CACODE) CAMPING)
		WHERE RN BETWEEN #{startRow} AND #{endRow}
	</select>
</mapper>