<?xml version="1.0" encoding="UTF-8"?>

<!DOCTYPE mapper
  PUBLIC "-//mybatis.org//DTD Mapper 3.0//EN"
  "http://mybatis.org/dtd/mybatis-3-mapper.dtd">
  
<mapper namespace="com.camily.dao.MemberDao" >

<select id="memberIdCheck" resultType="String">
 SELECT MID
 FROM MEMBERS
 WHERE MID = #{inputId}
</select>

<insert id="memberJoin" >
 INSERT INTO MEMBERS(MID, MPW, MNAME, MTEL, MEMAIL, MBIRTH, MADDR, MSTATE, MRANK, MKAKAOKEY) 
 VALUES( #{mid}, #{mpw}, #{mname}, #{mtel}, #{memail}, #{mbirth}, #{maddr}, 'GN01', 'NEW', #{mkakaokey} )
</insert>

<select id="memberLogin" resultType="com.camily.dto.MemberDto">
 SELECT MID, MPW, MSTATE FROM MEMBERS WHERE MID = #{mid} AND MPW = #{mpw}
</select>

<select id="selectMemberInfo" resultType="com.camily.dto.MemberDto">
 SELECT MID, MPW, MNAME, MTEL, MEMAIL, MADDR, TO_CHAR(MBIRTH,'YYYY-MM-DD') AS MBIRTH, MSTATE, MRANK, MKAKAOKEY 
 FROM MEMBERS 
 WHERE MID = #{loginId} AND MSTATE LIKE '%'||01||'%'
</select>

<select id="selectLoginPw" resultType="String">
 SELECT MPW FROM MEMBERS WHERE MID = #{loginId} 
</select>

<update id="updateMemberPw">
 UPDATE MEMBERS
 SET MPW = #{modifyPw}
 WHERE MID = #{loginId}
</update>

<update id="deleteMember">
UPDATE MEMBERS
SET MSTATE = #{mState}
WHERE MID = #{loginId}
</update>

<select id="selectFindId" resultType="String">
SELECT MID
FROM MEMBERS
WHERE MEMAIL = #{email} AND MNAME = #{name}
</select>

<update id="findPwModifyPw">
UPDATE MEMBERS
SET MPW = #{newPw}
WHERE MID = #{mid}
</update>

<update id="updateMemberInfo">
UPDATE MEMBERS
SET MTEL = #{mtel}, MADDR = #{maddr}
WHERE MID = #{mid}
</update>

<select id="selectKakaoId" resultType="com.camily.dto.MemberDto">
SELECT MID, MPW, MNAME, MTEL, MEMAIL, MADDR, TO_CHAR(MBIRTH,'YYYY-MM-DD') AS MBIRTH, MSTATE, MRANK, MKAKAOKEY
FROM MEMBERS
WHERE MKAKAOKEY = #{kakaokey}

</select>
</mapper>












